model,accuracy,recall,precision,avg_predicted_value
Large_SubsetSum_a75.pt,0.7363953312111566,1.0,0.7363953312111566,100.73623657226562
Large_SubsetSum_a75.pt,0.7354079058031959,1.0,0.7354079058031959,101.91484069824219
Large_SubsetSum_a75.pt,0.7363953312111566,1.0,0.7363953312111566,100.73623657226562
Large_SubsetSum_a75.pt,0.7363953312111566,1.0,0.7363953312111566,100.73623657226562
Large_SubsetSum_a75.pt,0.8417462482946794,0.840537944284342,0.9381222239240312,66.4268569946289
