model,accuracy,recall,precision,avg_predicted_value
Large_Uncorrelated_a75.pt,0.8109241574453034,1.0,0.8109241574453034,99.6119613647461
Large_Uncorrelated_a75.pt,0.8111017661900757,1.0,0.8111017661900757,99.4035873413086
Large_Uncorrelated_a75.pt,0.8109241574453034,1.0,0.8109241574453034,99.6119613647461
Large_Uncorrelated_a75.pt,0.8109241574453034,1.0,0.8109241574453034,99.6119613647461
Large_Uncorrelated_a75.pt,0.8109241574453034,1.0,0.8109241574453034,99.6119613647461
Large_Uncorrelated_a75.pt,0.6932444040220302,0.7782416349928345,0.832555659245434,78.64885711669922
