model,accuracy,recall,precision,avg_predicted_value
Large_Uncorrelated_a50.pt,0.800818553888131,0.8847997400276221,0.8118524040253448,88.6484375
Large_Uncorrelated_a50.pt,0.622708158116064,1.0,0.622708158116064,99.4035873413086
Large_Uncorrelated_a50.pt,0.8023343944217068,0.813957267040377,0.8606648913323598,81.99060821533203
Large_Uncorrelated_a50.pt,0.8023343944217068,0.813957267040377,0.8606648913323598,81.99060821533203
Large_Uncorrelated_a50.pt,0.796776312465262,0.7887724429279389,0.8722486748719792,79.71766662597656
