model,accuracy,recall,precision,avg_predicted_value
Large_Uncorrelated_a25.pt,0.7345257945530796,0.672294887039239,0.6935721295387635,64.91747283935547
