model,accuracy,recall,precision,avg_predicted_value
Large_SubsetSum_a50.pt,0.5179121823050882,0.810372368011617053,1.0,0.48364487290382385
Large_SubsetSum_a50.pt,0.91892346509672,0.9244505494505495,0.9113067027758971,50.75050735473633
Large_SubsetSum_a50.pt,0.5179121823050882,0.010372368011617053,1.0,0.48364487290382385
Large_SubsetSum_a50.pt,0.5179121823050882,0.010372368011617053,1.0,0.48364487290382385
Large_SubsetSum_a50.pt,0.5179121823050882,0.010372368011617053,1.0,0.48364487290382385
Large_SubsetSum_a50.pt,0.5179121823050882,0.010372368011617053,1.0,0.48364487290382385
Large_SubsetSum_a50.pt,0.5063412662321257,0.6165335546105176,0.4946326038112674,50.329097747802734
