model,accuracy,recall,precision,avg_predicted_value
Large_Strong_a50.pt,0.701379414885554,1.0,0.701379414885554,116.9370346069336
