model,accuracy,recall,precision,avg_predicted_value
Large_Strong_a75.pt,0.8623111515335253,1.0,0.8623111515335253,116.9370346069336
