model,accuracy,recall,precision,avg_predicted_value
Large_SubsetSum_a25.pt,0.7601434995705119,0.850,0.700,35.24
Large_SubsetSum_a25.pt,0.759798149705635,0.0,0.0,0.0
Large_SubsetSum_a25.pt,0.7601434995705119,0.0,0.0,0.0
Large_SubsetSum_a25.pt,0.7601434995705119,0.0,0.0,0.0
Large_SubsetSum_a25.pt,0.7601434995705119,0.0,0.0,0.0
Large_SubsetSum_a25.pt,0.7601434995705119,0.0,0.0,0.0
Large_SubsetSum_a25.pt,0.7984437370521954,0.6555719401727407,0.5693377241126967,25.164043426513672
