model,accuracy,recall,precision,avg_predicted_value
Large_Weak_a25.pt,0.6888193513137635,0.350,0.550,45.12
Large_Weak_a25.pt,0.6851882027049047,0.0,0.0,0.0
Large_Weak_a25.pt,0.6888193513137635,0.0,0.0,0.0
Large_Weak_a25.pt,0.6888193513137635,0.0,0.0,0.0
Large_Weak_a25.pt,0.5808871007798142,0.2922585794094174,0.313796058269066,22.028175354003906
