model,accuracy,recall,precision,avg_predicted_value
Large_Strong_a75.pt,0.8623111515335253,1.0,0.8623111515335253,116.9370346069336
Large_Strong_a75.pt,0.8615643397813288,1.0,0.8615643397813288,117.96385192871094
Large_Strong_a75.pt,0.8623111515335253,1.0,0.8623111515335253,116.9370346069336
Large_Strong_a75.pt,0.8623111515335253,1.0,0.8623111515335253,116.9370346069336
Large_Strong_a75.pt,0.8623111515335253,1.0,0.8623111515335253,116.9370346069336
Large_Strong_a75.pt,0.8623111515335253,1.0,0.8623111515335253,116.9370346069336
Large_Strong_a75.pt,0.6836946086605022,0.7561818821047697,0.8601039722740602,87.9458236694336
