model,accuracy,recall,precision,avg_predicted_value
Large_Uncorrelated_a75.pt,0.8109241574453034,1.0,0.8109241574453034,99.6119613647461
Large_Uncorrelated_a75.pt,0.8111017661900757,1.0,0.8111017661900757,99.4035873413086
Large_Uncorrelated_a75.pt,0.8109241574453034,1.0,0.8109241574453034,99.6119613647461
Large_Uncorrelated_a75.pt,0.8109241574453034,1.0,0.8109241574453034,99.6119613647461
Large_Uncorrelated_a75.pt,0.8109241574453034,1.0,0.8109241574453034,99.6119613647461
