model,accuracy,recall,precision,avg_predicted_value
Large_Strong_a50.pt,0.701379414885554,1.0,0.701379414885554,116.9370346069336
Large_Strong_a50.pt,0.6985702270815811,1.0,0.6985702270815811,117.96385192871094
Large_Strong_a50.pt,0.6985702270815811,1.0,0.6985702270815811,117.96385192871094
Large_Strong_a50.pt,0.7031478955080592,0.9994236726460629,0.7027862208713272,116.4865493774414
Large_Strong_a50.pt,0.7015309989389116,1.0,0.7014857489387507,116.90753173828125
Large_Strong_a50.pt,0.7031478955080592,0.9994236726460629,0.7027862208713272,116.4865493774414
Large_Strong_a50.pt,0.7022889192056996,1.0,0.7020179032013352,116.76020812988281
Large_Strong_a50.pt,0.8495780910514881,0.9683740364527051,0.8411764705882353,83.314208984375
Large_Strong_a50.pt,0.7588802991258653,0.7893523521360133,0.8556813744631003,63.25788116455078
