model,accuracy,recall,precision,avg_predicted_value
Large_Weak_a50.pt,0.6031391248199474,0.6058718861209964,0.6049151204105804,67.28733825683594
Large_Weak_a50.pt,0.6027374938895226,0.5067567567567568,0.6350806451612904,58.017494201660156
Large_Weak_a50.pt,0.6010033278696667,0.522835112692764,0.6226015303119482,59.42609405517578
Large_Weak_a50.pt,0.6002582824218944,0.49367338869118227,0.6305555555555555,56.353965759277344
Large_Weak_a50.pt,0.607857745989172,0.42319098457888493,0.6751301056615676,46.983856201171875
