model,accuracy,recall,precision,avg_predicted_value
Medium_Inverse_a75.pt,0.8594423320659063,1.0,0.8594423320659063,40.06989669799805
Medium_Inverse_a75.pt,0.8594423320659063,1.0,0.8594423320659063,40.06989669799805
Medium_Inverse_a75.pt,0.8594423320659063,1.0,0.8594423320659063,40.06989669799805
Medium_Inverse_a75.pt,0.7371356147021546,0.8069606252765079,0.8773448773448773,33.362548828125
