model,accuracy,recall,precision,avg_predicted_value
Medium_Strong_a75.pt,0.8594423320659063,1.0,0.8594423320659063,43.49513244628906
Medium_Strong_a75.pt,0.8594423320659063,1.0,0.8594423320659063,43.49513244628906
Medium_Strong_a75.pt,0.8594423320659063,1.0,0.8594423320659063,43.49513244628906
Medium_Strong_a75.pt,0.7525982256020279,0.8124170476330924,0.8901276458232348,32.80665588378906
