model,accuracy,recall,precision,avg_predicted_value
Medium_Uncorrelated_a50.pt,0.7954372623574144,0.8929008567931457,0.8007683863885839,35.652427673339844
Medium_Uncorrelated_a50.pt,0.8034220532319392,0.7986536107711139,0.8740790354989953,31.953378677368164
