model,accuracy,recall,precision,avg_predicted_value
Medium_Strong_a50.pt,0.700126742712294,1.0,0.700126742712294,43.49513244628906
