model,accuracy,recall,precision,avg_predicted_value
Medium_Weak_a50.pt,0.5543627512170766,0.5954444169348849,0.5540198111034323,31.189298629760742
Medium_Weak_a50.pt,0.5467482211958556,0.46001485516216883,0.5616686819830713,25.491558074951172
Medium_Weak_a50.pt,0.553863437773062,0.3825204258479822,0.5885714285714285,20.404476165771484
