model,accuracy,recall,precision,avg_predicted_value
Medium_SubsetSum_a25.pt,0.9420785804816223,0.9092456040839478,0.8436842105263158,9.815130233764648
