model,accuracy,recall,precision,avg_predicted_value
Medium_Weak_a75.pt,0.6901760079890151,1.0,0.6901760079890151,40.333641052246094
Medium_Weak_a75.pt,0.6901760079890151,1.0,0.6901760079890151,40.333641052246094
Medium_Weak_a75.pt,0.5956809387092747,0.7540242358473503,0.689318783068783,30.204673767089844
