model,accuracy,recall,precision,avg_predicted_value
Medium_Strong_a50.pt,0.700126742712294,1.0,0.700126742712294,43.49513244628906
Medium_Strong_a50.pt,0.8623574144486692,0.9775524981897176,0.8487896887771141,29.887645721435547
Medium_Strong_a50.pt,0.9211660329531052,0.9494931209268646,0.9386184681460272,23.475980758666992
Medium_Strong_a50.pt,0.7849176172370089,0.8169804489500362,0.8680515483746875,22.777084350585938
