model,accuracy,recall,precision,avg_predicted_value
Medium_Strong_a25.pt,0.9302915082382763,0.922699069286453,0.9342931937172775,12.155917167663574
Medium_Strong_a25.pt,0.5097591888466413,0.0,0.0,0.0
Medium_Strong_a25.pt,0.5097591888466413,0.0,0.0,0.0
Medium_Strong_a25.pt,0.9415716096324461,0.9389865563598759,0.9416645060928183,12.401496887207031
