model,accuracy,recall,precision,avg_predicted_value
Medium_Weak_a75.pt,0.6901760079890151,1.0,0.6901760079890151,40.333641052246094
