model,accuracy,recall,precision,avg_predicted_value
Medium_SubsetSum_a50.pt,0.9144486692015209,0.9242465381482488,0.8957894736842106,19.485933303833008
Medium_SubsetSum_a50.pt,0.9144486692015209,0.9106706489275047,0.9064864864864864,19.006298065185547
Medium_SubsetSum_a50.pt,0.9144486692015209,0.9106706489275047,0.9064864864864864,19.006298065185547
Medium_SubsetSum_a50.pt,0.8980988593155893,0.9503122454520772,0.8493084202863382,19.935335159301758
