model,accuracy,recall,precision,avg_predicted_value
Medium_Uncorrelated_a25.pt,0.7415716096324462,0.6866606982990152,0.6993920972644377,26.120912551879883
Medium_Uncorrelated_a25.pt,0.5752851711026616,0.0,0.0,0.0
Medium_Uncorrelated_a25.pt,0.7595690747782002,0.5658012533572068,0.8109495295124037,19.1221923828125
