model,accuracy,recall,precision,avg_predicted_value
Medium_SubsetSum_a25.pt,0.9420785804816223,0.9092456040839478,0.8436842105263158,9.815130233764648
Medium_SubsetSum_a25.pt,0.9420785804816223,0.9092456040839478,0.8436842105263158,9.815130233764648
Medium_SubsetSum_a25.pt,0.9420785804816223,0.9092456040839478,0.8436842105263158,9.815130233764648
Medium_SubsetSum_a25.pt,0.9138149556400507,0.9228587634713556,0.7494242284661446,9.960418701171875
