model,accuracy,recall,precision,avg_predicted_value
Medium_Inverse_a50.pt,0.7095057034220532,1.0,0.7067553735926305,40.048118591308594
Medium_Inverse_a50.pt,0.8967046894803549,0.9893193338160753,0.8784761292396721,37.98886489868164
Medium_Inverse_a50.pt,0.9342205323193916,0.9580014482259233,0.9485570890840652,36.35897445678711
Medium_Inverse_a50.pt,0.9226869455006337,0.940622737146995,0.9485213581599123,35.883567810058594
