model,accuracy,recall,precision,avg_predicted_value
Medium_Uncorrelated_a75.pt,0.8119138149556401,1.0,0.8119138149556401,39.759613037109375
Medium_Uncorrelated_a75.pt,0.8119138149556401,1.0,0.8119138149556401,39.759613037109375
Medium_Uncorrelated_a75.pt,0.6820025348542459,0.7772400874180456,0.8214816036957597,31.01006317138672
