model,accuracy,recall,precision,avg_predicted_value
Small_Uncorrelated_a25.pt,0.5740992522093814,0.8653353545567,0.97667456,15.6757
Small_Uncorrelated_a25.pt,0.5961930659415363,0.3854748603351955,0.5360710321864595,4.728063583374023
