model,accuracy,recall,precision,avg_predicted_value
Small_Strong_a50.pt,0.7114208021753909,0.9916297390448056,0.707659873506676,15.607369422912598
Small_Strong_a50.pt,0.6859279401767505,0.7021171836533727,0.8171919770773639,8.337693214416504
