model,accuracy,recall,precision,avg_predicted_value
Small_SubsetSum_a25.pt,0.8463630183548606,0.5368098159509203,0.7,2.5849881172180176
Small_SubsetSum_a25.pt,0.7994561522773623,0.7638036809815951,0.5331905781584583,3.6986541748046875
