model,accuracy,recall,precision,avg_predicted_value
Small_Inverse_a75.pt,0.8487423521414004,1.0,0.8487423521414004,15.352599143981934
Small_Inverse_a75.pt,0.7848402447314752,0.8530236283540248,0.8889816360601002,13.590882301330566
