model,accuracy,recall,precision,avg_predicted_value
Small_Inverse_a25.pt,0.9391570360299116,0.954225352112676,0.9223961878829136,11.4967622756958
Small_Inverse_a25.pt,0.5173351461590755,0.0,0.0,0.0
Small_Inverse_a25.pt,0.9598912304554724,0.9570422535211267,0.9597457627118644,11.115143775939941
