model,accuracy,recall,precision,avg_predicted_value
Small_Weak_a25.pt,0.6792635658914729,0.754,0.820,16.9432
Small_Weak_a25.pt,0.6082041343669251,0.37462235649546827,0.38589211618257263,3.867074966430664
