model,accuracy,recall,precision,avg_predicted_value
Small_Strong_a75.pt,0.8487423521414004,1.0,0.8487423521414004,16.327224731445312
Small_Strong_a75.pt,0.7634262406526172,0.8193832599118943,0.8930597992143169,12.238974571228027
