model,accuracy,recall,precision,avg_predicted_value
Small_Uncorrelated_a50.pt,0.7861998640380693,0.9252032520325203,0.7766151046405824,13.982154846191406
Small_Uncorrelated_a50.pt,0.8331067301155677,0.8200542005420054,0.9049043062200957,11.686548233032227
