model,accuracy,recall,precision,avg_predicted_value
Small_Strong_a25.pt,0.8796736913664174,0.9098591549295775,0.8511198945981555,5.020528793334961
Small_Strong_a25.pt,0.8847722637661455,0.8760563380281691,0.8841506751954513,4.523406505584717
