model,accuracy,recall,precision,avg_predicted_value
Small_Uncorrelated_a75.pt,0.8113528212100611,1.0,0.8113528212100611,15.242778778076172
Small_Uncorrelated_a75.pt,0.7722637661454793,0.8437369082530373,0.8714842059714409,13.051460266113281
