model,accuracy,recall,precision,avg_predicted_value
Small_Weak_a75.pt,0.6866925064599483,1.0,0.6866925064599483,15.545943260192871
Small_Weak_a75.pt,0.5881782945736435,0.7666980244590781,0.6766293067662931,11.576154708862305
