model,accuracy,recall,precision,avg_predicted_value
Small_Weak_a50.pt,0.49967700258397935,0.09526895657809462,0.49,1.5047786235809326
Small_Weak_a50.pt,0.5113049095607235,0.5398574206092028,0.5091687041564792,7.755438804626465
