model,accuracy,recall,precision,avg_predicted_value
Small_SubsetSum_a50.pt,0.849082256968049,0.8702290076335878,0.8062234794908062,7.289183139801025
Small_SubsetSum_a50.pt,0.8089734874235214,0.8923664122137405,0.7352201257861635,7.439415454864502
