tag,acc,recall,precision,avg_pred_val,epochs,train_sec
Large_Inverse_a25,0.9474003334849174,0.9376738436180077,0.9542881107150346,83.74913787841797,?,77.9
Large_Inverse_a50,0.6199282502147441,0.6372019306966357,0.7806018886241285,89.05601501464844,?,34.2
Large_Inverse_a75,0.7360416350866555,0.8043478260869565,0.8792595439405585,119.60070037841797,?,58.7
Large_Strong_a25,0.9650346116921833,0.9631193983723086,0.965506557884953,37.005977630615234,?,74.9
Large_Strong_a50,0.7588802991258653,0.7893523521360133,0.8556813744631003,63.25788116455078,?,71.4
Large_Strong_a75,0.6836946086605022,0.7561818821047697,0.8601039722740602,87.9458236694336,?,58.5
Large_SubsetSum_a25,0.7984437370521954,0.6555719401727407,0.5693377241126967,25.164043426513672,?,17.1
Large_SubsetSum_a50,0.5063412662321257,0.6165335546105176,0.4946326038112674,50.329097747802734,?,12.4
