epoch,train_loss,val_loss
1,0.682332975158364,0.67680576344989
2,0.6754693275528063,0.6752199577969431
3,0.6743724522672497,0.6738683293197328
4,0.6731864200300072,0.6732590032729092
5,0.6726264563923401,0.672593693464797
6,0.6717571305785227,0.6717529138981901
7,0.6708694199294661,0.6707100935329665
8,0.669620014311418,0.6692348750221808
9,0.6675275764581301,0.6662457944541578
10,0.6633347642097691,0.6589866379238912
